ERwin Property Ids,1075850516::User Formatted Name  [read only],0::Object Type  [read only],1073742125::Definition,1073742126::Name,1075848986::Value  [read only],1075849148::Comments,1075849176::Physical Name,1075849722::Is Not For Replication,1075850193::Dependent Objects  [read only],1075850516::User Formatted Name  [read only],1075852278::Extended Notes Order  [read only],1075849061::Validation Rule,1075849148::Comments,1075849722::Is Not For Replication,1075850351::Parent Check Constraint Usage  [read only],1075850574::Disabled,1075850818::With Check,1075849061::Validation Rule,1075849176::Physical Name,1075852278::Extended Notes Order  [read only]
"1075839169::624","CK_Employee_BirthDate",Check Constraint Usage,"","CK_Employee_BirthDate","BirthDate BETWEEN '1930-01-01' AND 'dateadd(year,(-18),getdate'","","CK_Employee_BirthDate","false","","CK_Employee_BirthDate","","CK_Employee_BirthDate","","false","","False","True","CK_Employee_BirthDate","CK_Employee_BirthDate",""
"1075839169::626","CK_Employee_MaritalStatus",Check Constraint Usage,"","CK_Employee_MaritalStatus","[MaritalStatus]='S' OR [MaritalStatus]='M'","","CK_Employee_MaritalStatus","false","","CK_Employee_MaritalStatus","","CK_Employee_MaritalStatus","","false","","False","True","CK_Employee_MaritalStatus","CK_Employee_MaritalStatus",""
"1075839169::628","CK_Employee_Gender",Check Constraint Usage,"","CK_Employee_Gender","[Gender]='F' OR [Gender]='M'","","CK_Employee_Gender","false","","CK_Employee_Gender","","CK_Employee_Gender","","false","","False","True","CK_Employee_Gender","CK_Employee_Gender",""
"1075839169::630","CK_Employee_HireDate",Check Constraint Usage,"","CK_Employee_HireDate","HireDate BETWEEN '1996-07-01' AND 'dateadd(day,(1),getdate'","","CK_Employee_HireDate","false","","CK_Employee_HireDate","","CK_Employee_HireDate","","false","","False","True","CK_Employee_HireDate","CK_Employee_HireDate",""
"1075839169::634","CK_Employee_VacationHours",Check Constraint Usage,"","CK_Employee_VacationHours","VacationHours BETWEEN -40 AND 240","","CK_Employee_VacationHours","false","","CK_Employee_VacationHours","","CK_Employee_VacationHours","","false","","False","True","CK_Employee_VacationHours","CK_Employee_VacationHours",""
"1075839169::638","CK_Employee_SickLeaveHours",Check Constraint Usage,"","CK_Employee_SickLeaveHours","SickLeaveHours BETWEEN 0 AND 120","","CK_Employee_SickLeaveHours","false","","CK_Employee_SickLeaveHours","","CK_Employee_SickLeaveHours","","false","","False","True","CK_Employee_SickLeaveHours","CK_Employee_SickLeaveHours",""
"1075839169::688","CK_EmployeeDepartmentHistory_EndDate",Check Constraint Usage,"","CK_EmployeeDepartmentHistory_EndDate","[EndDate]>=[StartDate] OR [EndDate] IS NULL","","CK_EmployeeDepartmentHistory_EndDate","false","","CK_EmployeeDepartmentHistory_EndDate","","CK_EmployeeDepartmentHistory_EndDate","","false","","False","True","CK_EmployeeDepartmentHistory_EndDate","CK_EmployeeDepartmentHistory_EndDate",""
"1075839169::695","CK_EmployeePayHistory_Rate",Check Constraint Usage,"","CK_EmployeePayHistory_Rate","Rate BETWEEN 6.50 AND 200.00","","CK_EmployeePayHistory_Rate","false","","CK_EmployeePayHistory_Rate","","CK_EmployeePayHistory_Rate","","false","","False","True","CK_EmployeePayHistory_Rate","CK_EmployeePayHistory_Rate",""
"1075839169::697","CK_EmployeePayHistory_PayFrequency",Check Constraint Usage,"","CK_EmployeePayHistory_PayFrequency","[PayFrequency]=2 OR [PayFrequency]=1","","CK_EmployeePayHistory_PayFrequency","false","","CK_EmployeePayHistory_PayFrequency","","CK_EmployeePayHistory_PayFrequency","","false","","False","True","CK_EmployeePayHistory_PayFrequency","CK_EmployeePayHistory_PayFrequency",""
"1075839169::904","CK_Person_PersonType",Check Constraint Usage,"","CK_Person_PersonType","[PersonType] IS NULL OR (upper([PersonType])='GC' OR upper([PersonType])='SP' OR upper([PersonType])='EM' OR upper([PersonType])='IN' OR upper([PersonType])='VC' OR upper([PersonType])='SC')","","CK_Person_PersonType","false","","CK_Person_PersonType","","CK_Person_PersonType","","false","","False","True","CK_Person_PersonType","CK_Person_PersonType",""
"1075839169::908","CK_Person_EmailPromotion",Check Constraint Usage,"","CK_Person_EmailPromotion","EmailPromotion BETWEEN 0 AND 2","","CK_Person_EmailPromotion","false","","CK_Person_EmailPromotion","","CK_Person_EmailPromotion","","false","","False","True","CK_Person_EmailPromotion","CK_Person_EmailPromotion",""
"1075839169::993","CK_BillOfMaterials_PerAssemblyQty",Check Constraint Usage,"","CK_BillOfMaterials_PerAssemblyQty","PerAssemblyQty >= 1.00","","CK_BillOfMaterials_PerAssemblyQty","false","","CK_BillOfMaterials_PerAssemblyQty","","CK_BillOfMaterials_PerAssemblyQty","","false","","False","True","CK_BillOfMaterials_PerAssemblyQty","CK_BillOfMaterials_PerAssemblyQty",""
"1075839169::1010","CK_BillOfMaterials_EndDate",Check Constraint Usage,"","CK_BillOfMaterials_EndDate","[EndDate]>[StartDate] OR [EndDate] IS NULL","","CK_BillOfMaterials_EndDate","false","","CK_BillOfMaterials_EndDate","","CK_BillOfMaterials_EndDate","","false","","False","True","CK_BillOfMaterials_EndDate","CK_BillOfMaterials_EndDate",""
"1075839169::1012","CK_BillOfMaterials_ProductAssemblyID",Check Constraint Usage,"","CK_BillOfMaterials_ProductAssemblyID","[ProductAssemblyID]<>[ComponentID]","","CK_BillOfMaterials_ProductAssemblyID","false","","CK_BillOfMaterials_ProductAssemblyID","","CK_BillOfMaterials_ProductAssemblyID","","false","","False","True","CK_BillOfMaterials_ProductAssemblyID","CK_BillOfMaterials_ProductAssemblyID",""
"1075839169::1014","CK_BillOfMaterials_BOMLevel",Check Constraint Usage,"","CK_BillOfMaterials_BOMLevel","[ProductAssemblyID] IS NULL AND [BOMLevel]=(0) AND [PerAssemblyQty]=(1.00) OR [ProductAssemblyID] IS NOT NULL AND [BOMLevel]>=(1)","","CK_BillOfMaterials_BOMLevel","false","","CK_BillOfMaterials_BOMLevel","","CK_BillOfMaterials_BOMLevel","","false","","False","True","CK_BillOfMaterials_BOMLevel","CK_BillOfMaterials_BOMLevel",""
"1075839169::1045","CK_Document_Status",Check Constraint Usage,"","CK_Document_Status","Status BETWEEN 1 AND 3","","CK_Document_Status","false","","CK_Document_Status","","CK_Document_Status","","false","","False","True","CK_Document_Status","CK_Document_Status",""
"1075839169::1084","CK_Location_CostRate",Check Constraint Usage,"","CK_Location_CostRate","CostRate >= 0.00","","CK_Location_CostRate","false","","CK_Location_CostRate","","CK_Location_CostRate","","false","","False","True","CK_Location_CostRate","CK_Location_CostRate",""
"1075839169::1088","CK_Location_Availability",Check Constraint Usage,"","CK_Location_Availability","Availability >= 0.00","","CK_Location_Availability","false","","CK_Location_Availability","","CK_Location_Availability","","false","","False","True","CK_Location_Availability","CK_Location_Availability",""
"1075839169::1129","CK_Product_SafetyStockLevel",Check Constraint Usage,"","CK_Product_SafetyStockLevel","[SafetyStockLevel]>(0)","","CK_Product_SafetyStockLevel","false","","CK_Product_SafetyStockLevel","","CK_Product_SafetyStockLevel","","false","","False","True","CK_Product_SafetyStockLevel","CK_Product_SafetyStockLevel",""
"1075839169::1131","CK_Product_ReorderPoint",Check Constraint Usage,"","CK_Product_ReorderPoint","[ReorderPoint]>(0)","","CK_Product_ReorderPoint","false","","CK_Product_ReorderPoint","","CK_Product_ReorderPoint","","false","","False","True","CK_Product_ReorderPoint","CK_Product_ReorderPoint",""
"1075839169::1133","CK_Product_StandardCost",Check Constraint Usage,"","CK_Product_StandardCost","StandardCost >= 0.00","","CK_Product_StandardCost","false","","CK_Product_StandardCost","","CK_Product_StandardCost","","false","","False","True","CK_Product_StandardCost","CK_Product_StandardCost",""
"1075839169::1135","CK_Product_ListPrice",Check Constraint Usage,"","CK_Product_ListPrice","ListPrice >= 0.00","","CK_Product_ListPrice","false","","CK_Product_ListPrice","","CK_Product_ListPrice","","false","","False","True","CK_Product_ListPrice","CK_Product_ListPrice",""
"1075839169::1137","CK_Product_Weight",Check Constraint Usage,"","CK_Product_Weight","[Weight]>(0.00)","","CK_Product_Weight","false","","CK_Product_Weight","","CK_Product_Weight","","false","","False","True","CK_Product_Weight","CK_Product_Weight",""
"1075839169::1139","CK_Product_DaysToManufacture",Check Constraint Usage,"","CK_Product_DaysToManufacture","DaysToManufacture >= 0","","CK_Product_DaysToManufacture","false","","CK_Product_DaysToManufacture","","CK_Product_DaysToManufacture","","false","","False","True","CK_Product_DaysToManufacture","CK_Product_DaysToManufacture",""
"1075839169::1141","CK_Product_ProductLine",Check Constraint Usage,"","CK_Product_ProductLine","upper([ProductLine])='R' OR upper([ProductLine])='M' OR upper([ProductLine])='T' OR upper([ProductLine])='S' OR [ProductLine] IS NULL","","CK_Product_ProductLine","false","","CK_Product_ProductLine","","CK_Product_ProductLine","","false","","False","True","CK_Product_ProductLine","CK_Product_ProductLine",""
"1075839169::1143","CK_Product_Class",Check Constraint Usage,"","CK_Product_Class","upper([Class])='H' OR upper([Class])='M' OR upper([Class])='L' OR [Class] IS NULL","","CK_Product_Class","false","","CK_Product_Class","","CK_Product_Class","","false","","False","True","CK_Product_Class","CK_Product_Class",""
"1075839169::1145","CK_Product_Style",Check Constraint Usage,"","CK_Product_Style","upper([Style])='U' OR upper([Style])='M' OR upper([Style])='W' OR [Style] IS NULL","","CK_Product_Style","false","","CK_Product_Style","","CK_Product_Style","","false","","False","True","CK_Product_Style","CK_Product_Style",""
"1075839169::1163","CK_Product_SellEndDate",Check Constraint Usage,"","CK_Product_SellEndDate","[SellEndDate]>=[SellStartDate] OR [SellEndDate] IS NULL","","CK_Product_SellEndDate","false","","CK_Product_SellEndDate","","CK_Product_SellEndDate","","false","","False","True","CK_Product_SellEndDate","CK_Product_SellEndDate",""
"1075839169::1187","CK_ProductCostHistory_StandardCost",Check Constraint Usage,"","CK_ProductCostHistory_StandardCost","StandardCost >= 0.00","","CK_ProductCostHistory_StandardCost","false","","CK_ProductCostHistory_StandardCost","","CK_ProductCostHistory_StandardCost","","false","","False","True","CK_ProductCostHistory_StandardCost","CK_ProductCostHistory_StandardCost",""
"1075839169::1195","CK_ProductCostHistory_EndDate",Check Constraint Usage,"","CK_ProductCostHistory_EndDate","[EndDate]>=[StartDate] OR [EndDate] IS NULL","","CK_ProductCostHistory_EndDate","false","","CK_ProductCostHistory_EndDate","","CK_ProductCostHistory_EndDate","","false","","False","True","CK_ProductCostHistory_EndDate","CK_ProductCostHistory_EndDate",""
"1075839169::1227","CK_ProductInventory_Shelf",Check Constraint Usage,"","CK_ProductInventory_Shelf","[Shelf] like '[A-Za-z]' OR [Shelf]='N/A'","","CK_ProductInventory_Shelf","false","","CK_ProductInventory_Shelf","","CK_ProductInventory_Shelf","","false","","False","True","CK_ProductInventory_Shelf","CK_ProductInventory_Shelf",""
"1075839169::1229","CK_ProductInventory_Bin",Check Constraint Usage,"","CK_ProductInventory_Bin","Bin BETWEEN 0 AND 100","","CK_ProductInventory_Bin","false","","CK_ProductInventory_Bin","","CK_ProductInventory_Bin","","false","","False","True","CK_ProductInventory_Bin","CK_ProductInventory_Bin",""
"1075839169::1246","CK_ProductListPriceHistory_ListPrice",Check Constraint Usage,"","CK_ProductListPriceHistory_ListPrice","[ListPrice]>(0.00)","","CK_ProductListPriceHistory_ListPrice","false","","CK_ProductListPriceHistory_ListPrice","","CK_ProductListPriceHistory_ListPrice","","false","","False","True","CK_ProductListPriceHistory_ListPrice","CK_ProductListPriceHistory_ListPrice",""
"1075839169::1254","CK_ProductListPriceHistory_EndDate",Check Constraint Usage,"","CK_ProductListPriceHistory_EndDate","[EndDate]>=[StartDate] OR [EndDate] IS NULL","","CK_ProductListPriceHistory_EndDate","false","","CK_ProductListPriceHistory_EndDate","","CK_ProductListPriceHistory_EndDate","","false","","False","True","CK_ProductListPriceHistory_EndDate","CK_ProductListPriceHistory_EndDate",""
"1075839169::1330","CK_ProductReview_Rating",Check Constraint Usage,"","CK_ProductReview_Rating","Rating BETWEEN 1 AND 5","","CK_ProductReview_Rating","false","","CK_ProductReview_Rating","","CK_ProductReview_Rating","","false","","False","True","CK_ProductReview_Rating","CK_ProductReview_Rating",""
"1075839169::1385","CK_TransactionHistory_TransactionType",Check Constraint Usage,"","CK_TransactionHistory_TransactionType","[TransactionType]='P' OR [TransactionType]='S' OR [TransactionType]='W'","","CK_TransactionHistory_TransactionType","false","","CK_TransactionHistory_TransactionType","","CK_TransactionHistory_TransactionType","","false","","False","True","CK_TransactionHistory_TransactionType","CK_TransactionHistory_TransactionType",""
"1075839169::1412","CK_TransactionHistoryArchive_TransactionType",Check Constraint Usage,"","CK_TransactionHistoryArchive_TransactionType","[TransactionType]='P' OR [TransactionType]='S' OR [TransactionType]='W'","","CK_TransactionHistoryArchive_TransactionType","false","","CK_TransactionHistoryArchive_TransactionType","","CK_TransactionHistoryArchive_TransactionType","","false","","False","True","CK_TransactionHistoryArchive_TransactionType","CK_TransactionHistoryArchive_TransactionType",""
"1075839169::1447","CK_WorkOrder_OrderQty",Check Constraint Usage,"","CK_WorkOrder_OrderQty","[OrderQty]>(0)","","CK_WorkOrder_OrderQty","false","","CK_WorkOrder_OrderQty","","CK_WorkOrder_OrderQty","","false","","False","True","CK_WorkOrder_OrderQty","CK_WorkOrder_OrderQty",""
"1075839169::1449","CK_WorkOrder_ScrappedQty",Check Constraint Usage,"","CK_WorkOrder_ScrappedQty","ScrappedQty >= 0","","CK_WorkOrder_ScrappedQty","false","","CK_WorkOrder_ScrappedQty","","CK_WorkOrder_ScrappedQty","","false","","False","True","CK_WorkOrder_ScrappedQty","CK_WorkOrder_ScrappedQty",""
"1075839169::1462","CK_WorkOrder_EndDate",Check Constraint Usage,"","CK_WorkOrder_EndDate","[EndDate]>=[StartDate] OR [EndDate] IS NULL","","CK_WorkOrder_EndDate","false","","CK_WorkOrder_EndDate","","CK_WorkOrder_EndDate","","false","","False","True","CK_WorkOrder_EndDate","CK_WorkOrder_EndDate",""
"1075839169::1478","CK_WorkOrderRouting_ActualResourceHrs",Check Constraint Usage,"","CK_WorkOrderRouting_ActualResourceHrs","ActualResourceHrs >= 0.0000","","CK_WorkOrderRouting_ActualResourceHrs","false","","CK_WorkOrderRouting_ActualResourceHrs","","CK_WorkOrderRouting_ActualResourceHrs","","false","","False","True","CK_WorkOrderRouting_ActualResourceHrs","CK_WorkOrderRouting_ActualResourceHrs",""
"1075839169::1480","CK_WorkOrderRouting_PlannedCost",Check Constraint Usage,"","CK_WorkOrderRouting_PlannedCost","[PlannedCost]>(0.00)","","CK_WorkOrderRouting_PlannedCost","false","","CK_WorkOrderRouting_PlannedCost","","CK_WorkOrderRouting_PlannedCost","","false","","False","True","CK_WorkOrderRouting_PlannedCost","CK_WorkOrderRouting_PlannedCost",""
"1075839169::1482","CK_WorkOrderRouting_ActualCost",Check Constraint Usage,"","CK_WorkOrderRouting_ActualCost","[ActualCost]>(0.00)","","CK_WorkOrderRouting_ActualCost","false","","CK_WorkOrderRouting_ActualCost","","CK_WorkOrderRouting_ActualCost","","false","","False","True","CK_WorkOrderRouting_ActualCost","CK_WorkOrderRouting_ActualCost",""
"1075839169::1494","CK_WorkOrderRouting_ScheduledEndDate",Check Constraint Usage,"","CK_WorkOrderRouting_ScheduledEndDate","[ScheduledEndDate]>=[ScheduledStartDate]","","CK_WorkOrderRouting_ScheduledEndDate","false","","CK_WorkOrderRouting_ScheduledEndDate","","CK_WorkOrderRouting_ScheduledEndDate","","false","","False","True","CK_WorkOrderRouting_ScheduledEndDate","CK_WorkOrderRouting_ScheduledEndDate",""
"1075839169::1496","CK_WorkOrderRouting_ActualEndDate",Check Constraint Usage,"","CK_WorkOrderRouting_ActualEndDate","[ActualEndDate]>=[ActualStartDate] OR [ActualEndDate] IS NULL OR [ActualStartDate] IS NULL","","CK_WorkOrderRouting_ActualEndDate","false","","CK_WorkOrderRouting_ActualEndDate","","CK_WorkOrderRouting_ActualEndDate","","false","","False","True","CK_WorkOrderRouting_ActualEndDate","CK_WorkOrderRouting_ActualEndDate",""
"1075839169::1509","CK_ProductVendor_AverageLeadTime",Check Constraint Usage,"","CK_ProductVendor_AverageLeadTime","AverageLeadTime >= 1","","CK_ProductVendor_AverageLeadTime","false","","CK_ProductVendor_AverageLeadTime","","CK_ProductVendor_AverageLeadTime","","false","","False","True","CK_ProductVendor_AverageLeadTime","CK_ProductVendor_AverageLeadTime",""
"1075839169::1511","CK_ProductVendor_StandardPrice",Check Constraint Usage,"","CK_ProductVendor_StandardPrice","[StandardPrice]>(0.00)","","CK_ProductVendor_StandardPrice","false","","CK_ProductVendor_StandardPrice","","CK_ProductVendor_StandardPrice","","false","","False","True","CK_ProductVendor_StandardPrice","CK_ProductVendor_StandardPrice",""
"1075839169::1513","CK_ProductVendor_LastReceiptCost",Check Constraint Usage,"","CK_ProductVendor_LastReceiptCost","[LastReceiptCost]>(0.00)","","CK_ProductVendor_LastReceiptCost","false","","CK_ProductVendor_LastReceiptCost","","CK_ProductVendor_LastReceiptCost","","false","","False","True","CK_ProductVendor_LastReceiptCost","CK_ProductVendor_LastReceiptCost",""
"1075839169::1515","CK_ProductVendor_MinOrderQty",Check Constraint Usage,"","CK_ProductVendor_MinOrderQty","MinOrderQty >= 1","","CK_ProductVendor_MinOrderQty","false","","CK_ProductVendor_MinOrderQty","","CK_ProductVendor_MinOrderQty","","false","","False","True","CK_ProductVendor_MinOrderQty","CK_ProductVendor_MinOrderQty",""
"1075839169::1517","CK_ProductVendor_MaxOrderQty",Check Constraint Usage,"","CK_ProductVendor_MaxOrderQty","MaxOrderQty >= 1","","CK_ProductVendor_MaxOrderQty","false","","CK_ProductVendor_MaxOrderQty","","CK_ProductVendor_MaxOrderQty","","false","","False","True","CK_ProductVendor_MaxOrderQty","CK_ProductVendor_MaxOrderQty",""
"1075839169::1519","CK_ProductVendor_OnOrderQty",Check Constraint Usage,"","CK_ProductVendor_OnOrderQty","OnOrderQty >= 0","","CK_ProductVendor_OnOrderQty","false","","CK_ProductVendor_OnOrderQty","","CK_ProductVendor_OnOrderQty","","false","","False","True","CK_ProductVendor_OnOrderQty","CK_ProductVendor_OnOrderQty",""
"1075839169::1544","CK_PurchaseOrderDetail_OrderQty",Check Constraint Usage,"","CK_PurchaseOrderDetail_OrderQty","[OrderQty]>(0)","","CK_PurchaseOrderDetail_OrderQty","false","","CK_PurchaseOrderDetail_OrderQty","","CK_PurchaseOrderDetail_OrderQty","","false","","False","True","CK_PurchaseOrderDetail_OrderQty","CK_PurchaseOrderDetail_OrderQty",""
"1075839169::1546","CK_PurchaseOrderDetail_UnitPrice",Check Constraint Usage,"","CK_PurchaseOrderDetail_UnitPrice","UnitPrice >= 0.00","","CK_PurchaseOrderDetail_UnitPrice","false","","CK_PurchaseOrderDetail_UnitPrice","","CK_PurchaseOrderDetail_UnitPrice","","false","","False","True","CK_PurchaseOrderDetail_UnitPrice","CK_PurchaseOrderDetail_UnitPrice",""
"1075839169::1548","CK_PurchaseOrderDetail_ReceivedQty",Check Constraint Usage,"","CK_PurchaseOrderDetail_ReceivedQty","ReceivedQty >= 0.00","","CK_PurchaseOrderDetail_ReceivedQty","false","","CK_PurchaseOrderDetail_ReceivedQty","","CK_PurchaseOrderDetail_ReceivedQty","","false","","False","True","CK_PurchaseOrderDetail_ReceivedQty","CK_PurchaseOrderDetail_ReceivedQty",""
"1075839169::1550","CK_PurchaseOrderDetail_RejectedQty",Check Constraint Usage,"","CK_PurchaseOrderDetail_RejectedQty","RejectedQty >= 0.00","","CK_PurchaseOrderDetail_RejectedQty","false","","CK_PurchaseOrderDetail_RejectedQty","","CK_PurchaseOrderDetail_RejectedQty","","false","","False","True","CK_PurchaseOrderDetail_RejectedQty","CK_PurchaseOrderDetail_RejectedQty",""
"1075839169::1578","CK_PurchaseOrderHeader_Status",Check Constraint Usage,"","CK_PurchaseOrderHeader_Status","Status BETWEEN 1 AND 4","","CK_PurchaseOrderHeader_Status","false","","CK_PurchaseOrderHeader_Status","","CK_PurchaseOrderHeader_Status","","false","","False","True","CK_PurchaseOrderHeader_Status","CK_PurchaseOrderHeader_Status",""
"1075839169::1584","CK_PurchaseOrderHeader_SubTotal",Check Constraint Usage,"","CK_PurchaseOrderHeader_SubTotal","SubTotal >= 0.00","","CK_PurchaseOrderHeader_SubTotal","false","","CK_PurchaseOrderHeader_SubTotal","","CK_PurchaseOrderHeader_SubTotal","","false","","False","True","CK_PurchaseOrderHeader_SubTotal","CK_PurchaseOrderHeader_SubTotal",""
"1075839169::1588","CK_PurchaseOrderHeader_TaxAmt",Check Constraint Usage,"","CK_PurchaseOrderHeader_TaxAmt","TaxAmt >= 0.00","","CK_PurchaseOrderHeader_TaxAmt","false","","CK_PurchaseOrderHeader_TaxAmt","","CK_PurchaseOrderHeader_TaxAmt","","false","","False","True","CK_PurchaseOrderHeader_TaxAmt","CK_PurchaseOrderHeader_TaxAmt",""
"1075839169::1592","CK_PurchaseOrderHeader_Freight",Check Constraint Usage,"","CK_PurchaseOrderHeader_Freight","Freight >= 0.00","","CK_PurchaseOrderHeader_Freight","false","","CK_PurchaseOrderHeader_Freight","","CK_PurchaseOrderHeader_Freight","","false","","False","True","CK_PurchaseOrderHeader_Freight","CK_PurchaseOrderHeader_Freight",""
"1075839169::1607","CK_PurchaseOrderHeader_ShipDate",Check Constraint Usage,"","CK_PurchaseOrderHeader_ShipDate","[ShipDate]>=[OrderDate] OR [ShipDate] IS NULL","","CK_PurchaseOrderHeader_ShipDate","false","","CK_PurchaseOrderHeader_ShipDate","","CK_PurchaseOrderHeader_ShipDate","","false","","False","True","CK_PurchaseOrderHeader_ShipDate","CK_PurchaseOrderHeader_ShipDate",""
"1075839169::1616","CK_ShipMethod_ShipBase",Check Constraint Usage,"","CK_ShipMethod_ShipBase","[ShipBase]>(0.00)","","CK_ShipMethod_ShipBase","false","","CK_ShipMethod_ShipBase","","CK_ShipMethod_ShipBase","","false","","False","True","CK_ShipMethod_ShipBase","CK_ShipMethod_ShipBase",""
"1075839169::1620","CK_ShipMethod_ShipRate",Check Constraint Usage,"","CK_ShipMethod_ShipRate","[ShipRate]>(0.00)","","CK_ShipMethod_ShipRate","false","","CK_ShipMethod_ShipRate","","CK_ShipMethod_ShipRate","","false","","False","True","CK_ShipMethod_ShipRate","CK_ShipMethod_ShipRate",""
"1075839169::1645","CK_Vendor_CreditRating",Check Constraint Usage,"","CK_Vendor_CreditRating","CreditRating BETWEEN 1 AND 5","","CK_Vendor_CreditRating","false","","CK_Vendor_CreditRating","","CK_Vendor_CreditRating","","false","","False","True","CK_Vendor_CreditRating","CK_Vendor_CreditRating",""
"1075839169::1757","CK_SalesOrderDetail_OrderQty",Check Constraint Usage,"","CK_SalesOrderDetail_OrderQty","[OrderQty]>(0)","","CK_SalesOrderDetail_OrderQty","false","","CK_SalesOrderDetail_OrderQty","","CK_SalesOrderDetail_OrderQty","","false","","False","True","CK_SalesOrderDetail_OrderQty","CK_SalesOrderDetail_OrderQty",""
"1075839169::1759","CK_SalesOrderDetail_UnitPrice",Check Constraint Usage,"","CK_SalesOrderDetail_UnitPrice","UnitPrice >= 0.00","","CK_SalesOrderDetail_UnitPrice","false","","CK_SalesOrderDetail_UnitPrice","","CK_SalesOrderDetail_UnitPrice","","false","","False","True","CK_SalesOrderDetail_UnitPrice","CK_SalesOrderDetail_UnitPrice",""
"1075839169::1761","CK_SalesOrderDetail_UnitPriceDiscount",Check Constraint Usage,"","CK_SalesOrderDetail_UnitPriceDiscount","UnitPriceDiscount >= 0.00","","CK_SalesOrderDetail_UnitPriceDiscount","false","","CK_SalesOrderDetail_UnitPriceDiscount","","CK_SalesOrderDetail_UnitPriceDiscount","","false","","False","True","CK_SalesOrderDetail_UnitPriceDiscount","CK_SalesOrderDetail_UnitPriceDiscount",""
"1075839169::1810","CK_SalesOrderHeader_Status",Check Constraint Usage,"","CK_SalesOrderHeader_Status","Status BETWEEN 0 AND 8","","CK_SalesOrderHeader_Status","false","","CK_SalesOrderHeader_Status","","CK_SalesOrderHeader_Status","","false","","False","True","CK_SalesOrderHeader_Status","CK_SalesOrderHeader_Status",""
"1075839169::1816","CK_SalesOrderHeader_SubTotal",Check Constraint Usage,"","CK_SalesOrderHeader_SubTotal","SubTotal >= 0.00","","CK_SalesOrderHeader_SubTotal","false","","CK_SalesOrderHeader_SubTotal","","CK_SalesOrderHeader_SubTotal","","false","","False","True","CK_SalesOrderHeader_SubTotal","CK_SalesOrderHeader_SubTotal",""
"1075839169::1820","CK_SalesOrderHeader_TaxAmt",Check Constraint Usage,"","CK_SalesOrderHeader_TaxAmt","TaxAmt >= 0.00","","CK_SalesOrderHeader_TaxAmt","false","","CK_SalesOrderHeader_TaxAmt","","CK_SalesOrderHeader_TaxAmt","","false","","False","True","CK_SalesOrderHeader_TaxAmt","CK_SalesOrderHeader_TaxAmt",""
"1075839169::1824","CK_SalesOrderHeader_Freight",Check Constraint Usage,"","CK_SalesOrderHeader_Freight","Freight >= 0.00","","CK_SalesOrderHeader_Freight","false","","CK_SalesOrderHeader_Freight","","CK_SalesOrderHeader_Freight","","false","","False","True","CK_SalesOrderHeader_Freight","CK_SalesOrderHeader_Freight",""
"1075839169::1847","CK_SalesOrderHeader_DueDate",Check Constraint Usage,"","CK_SalesOrderHeader_DueDate","[DueDate]>=[OrderDate]","","CK_SalesOrderHeader_DueDate","false","","CK_SalesOrderHeader_DueDate","","CK_SalesOrderHeader_DueDate","","false","","False","True","CK_SalesOrderHeader_DueDate","CK_SalesOrderHeader_DueDate",""
"1075839169::1849","CK_SalesOrderHeader_ShipDate",Check Constraint Usage,"","CK_SalesOrderHeader_ShipDate","[ShipDate]>=[OrderDate] OR [ShipDate] IS NULL","","CK_SalesOrderHeader_ShipDate","false","","CK_SalesOrderHeader_ShipDate","","CK_SalesOrderHeader_ShipDate","","false","","False","True","CK_SalesOrderHeader_ShipDate","CK_SalesOrderHeader_ShipDate",""
"1075839169::1870","CK_SalesPerson_SalesQuota",Check Constraint Usage,"","CK_SalesPerson_SalesQuota","[SalesQuota]>(0.00)","","CK_SalesPerson_SalesQuota","false","","CK_SalesPerson_SalesQuota","","CK_SalesPerson_SalesQuota","","false","","False","True","CK_SalesPerson_SalesQuota","CK_SalesPerson_SalesQuota",""
"1075839169::1872","CK_SalesPerson_Bonus",Check Constraint Usage,"","CK_SalesPerson_Bonus","Bonus >= 0.00","","CK_SalesPerson_Bonus","false","","CK_SalesPerson_Bonus","","CK_SalesPerson_Bonus","","false","","False","True","CK_SalesPerson_Bonus","CK_SalesPerson_Bonus",""
"1075839169::1876","CK_SalesPerson_CommissionPct",Check Constraint Usage,"","CK_SalesPerson_CommissionPct","CommissionPct >= 0.00","","CK_SalesPerson_CommissionPct","false","","CK_SalesPerson_CommissionPct","","CK_SalesPerson_CommissionPct","","false","","False","True","CK_SalesPerson_CommissionPct","CK_SalesPerson_CommissionPct",""
"1075839169::1880","CK_SalesPerson_SalesYTD",Check Constraint Usage,"","CK_SalesPerson_SalesYTD","SalesYTD >= 0.00","","CK_SalesPerson_SalesYTD","false","","CK_SalesPerson_SalesYTD","","CK_SalesPerson_SalesYTD","","false","","False","True","CK_SalesPerson_SalesYTD","CK_SalesPerson_SalesYTD",""
"1075839169::1884","CK_SalesPerson_SalesLastYear",Check Constraint Usage,"","CK_SalesPerson_SalesLastYear","SalesLastYear >= 0.00","","CK_SalesPerson_SalesLastYear","false","","CK_SalesPerson_SalesLastYear","","CK_SalesPerson_SalesLastYear","","false","","False","True","CK_SalesPerson_SalesLastYear","CK_SalesPerson_SalesLastYear",""
"1075839169::1903","CK_SalesPersonQuotaHistory_SalesQuota",Check Constraint Usage,"","CK_SalesPersonQuotaHistory_SalesQuota","[SalesQuota]>(0.00)","","CK_SalesPersonQuotaHistory_SalesQuota","false","","CK_SalesPersonQuotaHistory_SalesQuota","","CK_SalesPersonQuotaHistory_SalesQuota","","false","","False","True","CK_SalesPersonQuotaHistory_SalesQuota","CK_SalesPersonQuotaHistory_SalesQuota",""
"1075839169::1932","CK_SalesTaxRate_TaxType",Check Constraint Usage,"","CK_SalesTaxRate_TaxType","TaxType BETWEEN 1 AND 3","","CK_SalesTaxRate_TaxType","false","","CK_SalesTaxRate_TaxType","","CK_SalesTaxRate_TaxType","","false","","False","True","CK_SalesTaxRate_TaxType","CK_SalesTaxRate_TaxType",""
"1075839169::1960","CK_SalesTerritory_SalesYTD",Check Constraint Usage,"","CK_SalesTerritory_SalesYTD","SalesYTD >= 0.00","","CK_SalesTerritory_SalesYTD","false","","CK_SalesTerritory_SalesYTD","","CK_SalesTerritory_SalesYTD","","false","","False","True","CK_SalesTerritory_SalesYTD","CK_SalesTerritory_SalesYTD",""
"1075839169::1964","CK_SalesTerritory_SalesLastYear",Check Constraint Usage,"","CK_SalesTerritory_SalesLastYear","SalesLastYear >= 0.00","","CK_SalesTerritory_SalesLastYear","false","","CK_SalesTerritory_SalesLastYear","","CK_SalesTerritory_SalesLastYear","","false","","False","True","CK_SalesTerritory_SalesLastYear","CK_SalesTerritory_SalesLastYear",""
"1075839169::1968","CK_SalesTerritory_CostYTD",Check Constraint Usage,"","CK_SalesTerritory_CostYTD","CostYTD >= 0.00","","CK_SalesTerritory_CostYTD","false","","CK_SalesTerritory_CostYTD","","CK_SalesTerritory_CostYTD","","false","","False","True","CK_SalesTerritory_CostYTD","CK_SalesTerritory_CostYTD",""
"1075839169::1972","CK_SalesTerritory_CostLastYear",Check Constraint Usage,"","CK_SalesTerritory_CostLastYear","CostLastYear >= 0.00","","CK_SalesTerritory_CostLastYear","false","","CK_SalesTerritory_CostLastYear","","CK_SalesTerritory_CostLastYear","","false","","False","True","CK_SalesTerritory_CostLastYear","CK_SalesTerritory_CostLastYear",""
"1075839169::2007","CK_SalesTerritoryHistory_EndDate",Check Constraint Usage,"","CK_SalesTerritoryHistory_EndDate","[EndDate]>=[StartDate] OR [EndDate] IS NULL","","CK_SalesTerritoryHistory_EndDate","false","","CK_SalesTerritoryHistory_EndDate","","CK_SalesTerritoryHistory_EndDate","","false","","False","True","CK_SalesTerritoryHistory_EndDate","CK_SalesTerritoryHistory_EndDate",""
"1075839169::2015","CK_ShoppingCartItem_Quantity",Check Constraint Usage,"","CK_ShoppingCartItem_Quantity","Quantity >= 1","","CK_ShoppingCartItem_Quantity","false","","CK_ShoppingCartItem_Quantity","","CK_ShoppingCartItem_Quantity","","false","","False","True","CK_ShoppingCartItem_Quantity","CK_ShoppingCartItem_Quantity",""
"1075839169::2041","CK_SpecialOffer_DiscountPct",Check Constraint Usage,"","CK_SpecialOffer_DiscountPct","DiscountPct >= 0.00","","CK_SpecialOffer_DiscountPct","false","","CK_SpecialOffer_DiscountPct","","CK_SpecialOffer_DiscountPct","","false","","False","True","CK_SpecialOffer_DiscountPct","CK_SpecialOffer_DiscountPct",""
"1075839169::2045","CK_SpecialOffer_MinQty",Check Constraint Usage,"","CK_SpecialOffer_MinQty","MinQty >= 0","","CK_SpecialOffer_MinQty","false","","CK_SpecialOffer_MinQty","","CK_SpecialOffer_MinQty","","false","","False","True","CK_SpecialOffer_MinQty","CK_SpecialOffer_MinQty",""
"1075839169::2049","CK_SpecialOffer_MaxQty",Check Constraint Usage,"","CK_SpecialOffer_MaxQty","MaxQty >= 0","","CK_SpecialOffer_MaxQty","false","","CK_SpecialOffer_MaxQty","","CK_SpecialOffer_MaxQty","","false","","False","True","CK_SpecialOffer_MaxQty","CK_SpecialOffer_MaxQty",""
"1075839169::2061","CK_SpecialOffer_EndDate",Check Constraint Usage,"","CK_SpecialOffer_EndDate","[EndDate]>=[StartDate]","","CK_SpecialOffer_EndDate","false","","CK_SpecialOffer_EndDate","","CK_SpecialOffer_EndDate","","false","","False","True","CK_SpecialOffer_EndDate","CK_SpecialOffer_EndDate",""
